Date,signal,pos_strength,Open,High,Low,Close,Volume,SMA_50,SMA_200,SMA_50_slope,SMA_200_slope,ADX_14,ADX_14_slope,+DI_14,-DI_14,strategy_return,equity_curve,trade_change
2024-10-18,1.0,0.10477824191704613,24664.95,24886.2,24567.65,24854.05,0,25104.957,23310.1485,0.10477824191704613,,24.266330800267806,2.720017654495984,18.047912307819235,34.587092540576805,0.0,100000.0,0.0
2024-10-21,1.0,0.09728687845369004,24956.15,24978.3,24679.6,24781.1,0,25118.238999999998,23325.344499999996,0.09728687845369004,,24.302266048354962,2.472614457062708,19.114626034380578,31.70148390439898,-0.0029351353199982277,99706.48646800018,1.0
2024-10-22,2.0,0.06123890194276547,24798.65,24882.0,24445.8,24472.1,0,25120.331000000002,23339.375999999997,0.06123890194276547,0.1253853015994181,24.988900167459942,2.9776622314246284,16.89754256298335,34.24138248913825,-0.01246918014131737,98463.22832697287,0.0
2024-10-23,-1.0,0.01537528168278289,24378.15,24604.25,24378.1,24435.5,0,25122.101000000002,23353.966999999997,0.01537528168278289,0.12270987037298127,25.798900641238674,6.158415803307447,15.869802303642313,33.97951394378968,-0.002991161363348427,98168.70892269067,1.0
2024-10-24,-1.0,0.027778296392653095,24412.7,24480.65,24341.2,24399.4,0,25127.308999999997,23367.671000000002,0.027778296392653095,0.12123288985963264,26.64650289548684,6.633356077773267,15.253715274020038,33.68763891153805,0.0014773587608192251,98313.73932485591,-3.0
2024-10-25,-1.0,0.023680344251449693,24418.05,24440.25,24073.9,24180.8,0,25128.05,23380.021,0.023680344251449693,0.11156134630148158,28.060038440495106,8.764473458384806,13.744153447288781,37.57446944179637,0.00895923670254195,99194.5553865793,0.0
2024-10-28,-1.0,-0.013129141684050088,24251.1,24492.6,24134.9,24339.15,0,25124.01,23394.151750000005,-0.013129141684050088,0.1133221620588652,29.071150642036166,9.099309414294632,13.828133371512893,34.03300419495457,-0.006548584000529489,98544.97150823512,0.0
2024-10-29,-1.0,-0.024498518587775023,24328.85,24484.5,24140.85,24466.85,0,25121.894000000004,23408.762000000002,-0.024498518587775023,0.12292974416063102,30.01004054346715,6.949392129691025,12.59949169355421,31.00914216985977,-0.00524669103070563,98027.93649010173,0.0
2024-10-30,-1.0,-0.0369208577770602,24371.45,24498.2,24307.3,24340.85,0,25114.734000000004,23422.37275,-0.0369208577770602,0.12063271325917636,30.793779252799244,5.92556047049682,12.325788146835238,29.444071984944852,0.005149825171609779,98532.7632249594,0.0
2024-10-31,-1.0,-0.0734697789903839,24349.85,24372.45,24172.6,24205.35,0,25103.437000000005,23435.163499999995,-0.0734697789903839,0.11278469147575024,31.876048527462217,6.217945561560654,11.66218722191245,31.487588707079166,0.005566773551457738,99081.27280523216,0.0
2024-11-01,-1.0,-0.08536821453094048,24302.75,24368.25,24280.2,24304.35,0,25093.29400000001,23447.212249999997,-0.08536821453094048,0.10605031465054379,32.881012853934976,6.778101460040819,11.135904170779627,30.06663876499279,-0.004090004895611843,98676.0299143953,0.0
2024-11-04,-1.0,-0.10635595436590314,24315.75,24316.75,23816.15,23995.35,0,25076.738000000012,23456.701999999994,-0.10635595436590314,0.0919067622463942,34.785239506366416,9.126573440863725,9.688904320483333,38.20505939177564,0.012713773460306443,99930.57460468935,0.0
2024-11-05,-1.0,-0.12952464511035003,23916.5,24229.05,23842.75,24213.3,0,25060.792000000012,23467.606999999993,-0.12952464511035003,0.08698155577107398,36.553449969338466,11.168868586005244,8.744620567452232,34.48158192993584,-0.009083009833155131,99022.90421292212,0.0
2024-11-06,-1.0,-0.10615415768988362,24308.75,24537.6,24204.05,24484.05,0,25050.118000000013,23482.16774999999,-0.10615415768988362,0.10856492101914308,36.34427611107998,4.481891247085494,15.704652480153639,31.616345651321527,-0.011181871120417242,97915.6428600438,0.0
2024-11-07,-1.0,-0.11066689352834645,24489.6,24503.35,24179.05,24199.35,0,25033.05800000001,23495.853499999987,-0.11066689352834645,0.12036378485456076,36.21630259125425,-0.9223407868943202,14.447636622433762,29.702771066882267,0.011627978214388546,99054.20382206822,0.0
2024-11-08,-1.0,-0.1482428146645937,24207.7,24276.15,24066.65,24148.2,0,25012.98300000001,23508.482499999987,-0.1482428146645937,0.11206269489322486,36.39375504709402,0.1361395556835866,13.685563122238605,30.966004027694442,0.0021136931363857636,99263.57401281707,0.0
2024-11-11,-1.0,-0.16764631792087445,24087.25,24336.8,24004.6,24141.3,0,24991.091000000015,23521.329999999987,-0.16764631792087445,0.1084297703848072,36.71752256244247,1.383962291361179,12.554708045517676,29.950672882288647,0.0002857355827764474,99291.93714798609,0.0
2024-11-12,-1.0,-0.19908461137959835,24225.8,24242.0,23839.15,23883.45,0,24963.186000000016,23534.553249999986,-0.19908461137959835,0.1108993317624775,37.41658486546582,2.8104542030583217,11.331856417081774,31.03370380315128,0.010680866399075395,100352.4610631691,0.0
2024-11-13,-1.0,-0.2493728665147107,23822.45,23873.6,23509.6,23559.05,0,24928.770000000015,23545.078999999983,-0.2493728665147107,0.10096792995972663,38.709299794143455,5.42459592232492,10.326628793023387,36.10041185099547,0.013582627300494754,101715.51114047754,0.0
2024-11-14,-1.0,-0.27134356968698126,23542.15,23675.9,23484.15,23532.7,0,24895.450000000015,23555.979499999987,-0.27134356968698126,0.09104166870046895,39.95357300734822,6.780384022230597,9.84427069934494,35.03411684025436,0.0011184661520731165,101829.27649682898,0.0
2024-11-18,-1.0,-0.26935143611177204,23605.3,23606.8,23350.4,23453.8,0,24861.624000000014,23564.56049999999,-0.26935143611177204,0.08274128109744436,41.33620304042513,6.786232921420907,9.22384425944399,36.11374952013563,0.0033527814487925856,102170.68780601153,0.0
2024-11-19,-1.0,-0.243012277343851,23529.55,23780.65,23464.8,23518.5,0,24834.951000000015,23574.542499999992,-0.243012277343851,0.07880377039725972,41.57145160666647,4.049396530870204,12.72488901629937,33.23796508439233,-0.002758614808687776,101888.83823361606,0.0
2024-11-21,-1.0,-0.2349122486929993,23488.45,23507.3,23263.15,23349.9,0,24803.221000000016,23582.66349999999,-0.2349122486929993,0.07682299018478533,42.19816216129789,2.0852401949685437,11.925889382235907,36.109495985026,0.007168824542381436,102619.26143773994,0.0
2024-11-22,-1.0,-0.21907431989699858,23411.8,23956.1,23359.0,23907.25,0,24780.544000000013,23593.71274999999,-0.21907431989699858,0.08131759078675321,40.65009231288561,-2.2163269700043604,20.51713069005924,31.11464852224877,-0.02386948123974819,100169.792902015,0.0
2024-11-25,-1.0,-0.14759373389449615,24253.55,24351.55,24135.45,24221.9,0,24766.613000000012,23605.553249999994,-0.14759373389449615,0.09706176742929018,37.84895679946701,-10.306622703629866,27.25865864974834,28.05192027632933,-0.013161279528176584,98851.43025735203,0.0
2024-11-26,-1.0,-0.1526156972179444,24343.3,24343.3,24125.4,24194.5,0,24742.725000000013,23617.66724999999,-0.1526156972179444,0.10152916691757144,35.27829229912294,-13.214730171866975,25.911550198231048,26.89354210094102,0.0011312077087264338,98963.25175727777,0.0
2024-11-27,-1.0,-0.18379582222244284,24204.8,24354.55,24145.65,24274.9,0,24721.09300000001,23629.394749999992,-0.18379582222244284,0.10099953916563525,32.85358304364354,-13.198180817215594,24.915089045895446,25.58797301851795,-0.0033230692926078387,98634.39001426654,0.0
2024-11-28,-1.0,-0.20621819140778241,24274.15,24345.75,23873.35,23914.15,0,24691.701000000012,23639.312999999995,-0.20621819140778241,0.09165066884411849,31.439988784632085,-10.880071750486286,22.280933775643792,28.97687656209679,0.014861029293632533,100100.19857362813,0.0
2024-11-29,-1.0,-0.22305243542427347,23927.15,24188.45,23927.15,24131.1,0,24665.952000000012,23651.37899999999,-0.22305243542427347,0.09303771947014304,30.127365544121453,-8.298082726320928,20.899245307724655,27.179958327640584,-0.009072034757664271,99192.08609291908,0.0
2024-12-02,-1.0,-0.19350226215683664,24140.85,24301.7,24008.65,24276.05,0,24643.92200000001,23663.84674999999,-0.19350226215683664,0.10378368440738975,28.470482870879884,-9.44499673359839,22.0810574954872,25.36988625956862,-0.006006771344862161,98596.26191253903,0.0
2024-12-03,-1.0,-0.16704402895134537,24367.5,24481.35,24280.0,24457.15,0,24624.749000000007,23678.051999999992,-0.16704402895134537,0.11277566521597963,26.589491185635882,-11.743059157643113,25.210975539888125,24.15619689043745,-0.0074600274756395635,97860.73108967615,0.0
2024-12-04,-1.0,-0.18520996779652205,24488.75,24573.2,24366.3,24467.45,0,24598.27900000001,23691.673249999993,-0.18520996779652205,0.1175907716694576,25.15467304426513,-11.646482575138275,26.15779270170756,22.963883066809153,-0.00042114473681520437,97819.51755783685,0.0
2024-12-05,-1.0,-0.20744576929495745,24539.15,24857.75,24295.55,24708.4,0,24573.666000000005,23706.014749999995,-0.20744576929495745,0.11809565246331255,24.68749390883598,-7.15319170089045,29.244307900536654,20.065667622174168,-0.009847777353177323,96856.21272813206,0.0
2024-12-06,-1.0,-0.2027174340123615,24729.45,24751.05,24620.5,24677.8,0,24548.414000000008,23719.849749999998,-0.2027174340123615,0.1189299704697094,24.253684711651765,-3.5817930570112386,28.34955661919282,19.45174364500149,0.0012384452251057443,96976.16384230703,0.0
2024-12-09,-1.0,-0.2154949123179035,24633.9,24705.0,24580.05,24619.0,0,24520.71100000001,23732.741249999995,-0.2154949123179035,0.11274142989386556,23.67369669279804,-4.106521381966148,27.482860247663215,19.846767881292568,0.002382708345152307,97207.22975717494,0.0
2024-12-10,-1.0,-0.24369395106338299,24652.65,24677.8,24510.65,24610.05,0,24488.59100000001,23745.180249999994,-0.24369395106338299,0.10679030544869447,22.826559917459953,-5.884156618504255,26.323498110196297,20.761034185329667,0.0003635403550104055,97242.56850799045,0.0
2024-12-11,-1.0,-0.2563669544492308,24620.5,24691.75,24583.85,24641.8,0,24457.848000000013,23757.404499999993,-0.2563669544492308,0.10392078074840089,22.090250632353985,-6.688630343590429,25.941868498449438,20.16953676541953,-0.0012901233439184256,97117.11360033571,0.0
2024-12-12,-1.0,-0.2286207483313383,24604.45,24675.25,24527.95,24548.7,0,24432.60500000001,23769.872749999995,-0.2286207483313383,0.1039895243583212,21.1387126883152,-7.394225127430289,24.89894880387126,20.884340615369382,0.003778133090926783,97484.03498092442,0.0
2024-12-13,-1.0,-0.18732228608176119,24498.35,24792.3,24180.8,24768.3,0,24412.03300000001,23782.626999999993,-0.18732228608176119,0.1061669005130584,20.41838917781749,-7.568322706523933,21.105578250403678,26.351579580543465,-0.008945483874909899,96611.99311794141,0.0
2024-12-16,-1.0,-0.13182794057366748,24753.4,24781.25,24601.75,24668.25,0,24400.39600000001,23794.90474999999,-0.13182794057366748,0.10530977705800132,19.749517346641053,-6.571806723320709,20.135814102231915,25.14077091082994,0.004039437506813126,97002.25122655001,0.0
2024-12-17,-1.0,-0.10326464821673209,24584.8,24624.1,24303.45,24336.0,0,24386.824000000008,23805.974499999993,-0.10326464821673209,0.09817039976281788,20.104956540235033,-1.5350507567118532,18.295899388741386,30.315356082705456,0.013468730047733413,98308.74836234283,0.0
2024-12-18,-1.0,-0.10454748357363555,24297.95,24394.45,24149.85,24198.85,0,24374.88600000001,23815.97699999999,-0.10454748357363555,0.08855782454855628,20.857294729672752,5.609136484644812,17.163448548834054,32.32581685734955,0.005635683760683796,98862.78537902165,0.0
2024-12-19,-1.0,-0.13600376990459123,23877.15,24004.9,23870.3,23951.7,0,24353.65700000001,23825.97974999999,-0.13600376990459123,0.08403457711843867,22.216825009027463,10.50421802487389,15.752996060227206,36.661525304779474,0.01021329525989867,99872.50019631357,0.0
2024-12-20,-1.0,-0.20151068603971545,23960.7,24065.8,23537.35,23587.5,0,24325.76800000001,23834.003249999994,-0.20151068603971545,0.0756897355082373,24.10655555620752,15.578534362427114,13.790055942456272,39.94411941643862,0.015205601272561098,101391.12161239248,0.0
2024-12-23,-1.0,-0.21676005373647586,23738.2,23869.55,23647.2,23753.45,0,24300.868000000013,23841.076749999993,-0.21676005373647586,0.06336360627521131,25.861305350017577,16.404145684674727,12.868387135001052,37.27442401701297,-0.00703550609432968,100677.78375837757,0.0
2024-12-24,-1.0,-0.20403055722640046,23769.1,23867.65,23685.15,23727.65,0,24276.13600000001,23847.822999999993,-0.20403055722640046,0.057983335216666765,27.4907158728412,14.038340354112705,12.295742659965873,35.61570853468152,0.0010861580107310864,100787.13573970938,0.0
2024-12-26,-1.0,-0.2151651537714779,23775.8,23854.5,23653.6,23750.2,0,24248.58100000001,23854.545999999995,-0.2151651537714779,0.056495980199392316,29.066058089672758,12.392076487558283,11.679587333908223,34.6179240204252,-0.000950368030546711,100691.350868012,0.0
2024-12-27,-1.0,-0.21598989229589388,23801.4,23938.85,23800.6,23813.4,0,24223.702000000005,23861.8315,-0.21598989229589388,0.05874121088540112,30.03049409719998,9.238676199290591,13.272802373379694,32.948258559608995,-0.0026610302229033156,100423.40814016726,0.0
2024-12-30,-1.0,-0.2120000341463548,23796.9,23915.35,23599.3,23644.9,0,24197.174000000003,23867.68575,-0.2120000341463548,0.05508279218563093,31.365281153806045,7.9103367131513656,12.210280785934383,35.40940957607367,0.0070758480519371725,101133.98891702475,0.0
2024-12-31,-1.0,-0.2007496624586977,23560.6,23689.85,23460.45,23644.8,0,24175.073000000004,23873.442000000003,-0.2007496624586977,0.04865720386971345,32.87460415425983,9.470740134525558,11.491223161614704,36.88859978479581,4.229241823860974e-06,101134.41663712048,0.0
2024-12-31,-1.0,-0.1912868006817658,23560.6,23689.85,23460.45,23644.8,0,24150.888000000003,23880.00275,-0.1912868006817658,0.05160533840193994,34.27611836896691,9.280443560786159,10.805917417396884,34.688662582886955,-0.0,101134.41663712048,0.0
2025-01-01,-1.0,-0.18593118622642485,23637.65,23822.8,23562.8,23742.9,0,24130.124,23887.03875,-0.18593118622642485,0.0569534548055407,34.75373818494605,5.716065878295083,13.542329302960383,32.3349424438616,-0.004148903775883062,100714.819674063,0.0
2025-01-02,-1.0,-0.109449391674576,23783.0,24226.7,23751.55,24188.65,0,24124.454999999994,23897.9935,-0.109449391674576,0.07533814040285587,33.20007402768921,-3.13934130374557,21.914134229953632,28.464598750051024,-0.0187740335005413,98823.99627550115,0.0
2025-01-03,-1.0,-0.059195717353144515,24196.4,24196.45,23976.0,24004.75,0,24115.839999999997,23907.284,-0.059195717353144515,0.08475412214919249,31.757385881664998,-8.621669091640205,20.69838811793174,26.885447828663654,0.007602739301283967,99575.32935589486,0.0
2025-01-06,-1.0,-0.10065305102227433,24045.8,24089.95,23551.9,23616.05,0,24100.173,23915.2475,-0.10065305102227433,0.0721985299728231,31.626723177356997,-4.738998018558704,18.064264927961833,33.494967791104884,0.016192628542267662,101187.71567612884,0.0
2025-01-07,-1.0,-0.10418463549268864,23679.9,23795.2,23637.8,23707.9,0,24090.714999999997,23923.5085,-0.10418463549268864,0.06786425425824306,31.50539352335671,-0.7934921320264463,17.275914232672463,32.03319886487867,-0.003889304096154955,100794.16587906911,0.0
2025-01-08,-1.0,-0.09320265045401614,23746.65,23751.85,23496.15,23688.95,0,24077.710999999996,23932.866,-0.09320265045401614,0.07367057355354777,31.743496088390142,0.36922228831075377,16.18988498005126,33.501932522243045,0.0007993116218644181,100874.73182727238,0.0
2025-01-09,-1.0,-0.13204672422550148,23674.75,23689.5,23503.05,23526.5,0,24058.903999999995,23941.303000000004,-0.13204672422550148,0.07438081249664366,31.964591327349755,1.4575212452198605,15.428272372919299,31.925917979603362,0.0068576277124988705,101566.49318374199,0.0
2025-01-10,-1.0,-0.1536441732355805,23551.9,23596.6,23344.35,23431.5,0,24040.716999999993,23948.40075,-0.1536441732355805,0.06490969364053135,32.55835116529361,2.5669985266729687,14.438648047475528,33.91358953250535,0.004037999702463213,101976.61865299816,0.0
2025-01-13,-1.0,-0.16864858016809234,23195.4,23340.95,23047.25,23085.95,0,24018.32899999999,23953.346750000004,-0.16864858016809234,0.050305323816338336,33.72411678007623,5.504608004235544,13.063985390121157,38.04613851380463,0.014747241960608504,103480.49252259864,0.0
2025-01-14,-1.0,-0.18699109514913884,23165.9,23264.95,23134.15,23176.05,0,23995.762999999988,23959.2035,-0.18699109514913884,0.04510844006984025,34.806613422374376,6.905332047273202,12.468452177331377,36.31177197658355,-0.0039028066854513987,103076.62816456764,0.0
2025-01-15,-1.0,-0.15908267390294392,23250.45,23293.65,23146.45,23213.2,0,23980.119999999984,23964.65125,-0.15908267390294392,0.0471938227170478,35.64291838532449,5.689701579914661,12.741202065857097,34.902713690785404,-0.0016029478707546563,102911.40170292667,0.0
2025-01-16,0.0,0.0,23377.25,23391.65,23272.05,23311.8,0,23962.089999999986,23969.575749999996,-0.14032894057172726,0.04329129722528844,35.842079183424474,2.974910970179248,14.774865689270019,33.21976270752004,-0.004247583271586697,102474.2769545978,0.0
2025-01-17,0.0,0.0,23277.1,23292.1,23100.35,23203.2,0,23936.472999999984,23973.28175,-0.1820132676567126,0.03601345961585525,36.441664364993294,2.2409668339550857,13.918460492462067,36.00094383401954,-0.0,102474.2769545978,1.0
2025-01-20,0.0,0.0,23290.4,23391.1,23170.65,23344.75,0,23919.380999999983,23977.738999999998,-0.17823570481540876,0.034056714583283465,36.42860531090279,1.6364176990869437,15.81201593519443,33.80118640298901,0.0,102474.2769545978,0.0
2025-01-21,0.0,0.0,23421.65,23426.3,22976.85,23024.65,0,23896.90999999998,23980.689,-0.16528333142481746,0.03089793911924555,36.891909507277,1.2355229930612648,13.941633051774662,34.903422047902396,-0.0,102474.2769545978,0.0
2025-01-22,0.0,0.0,23099.15,23169.55,22981.3,23155.35,0,23877.19099999998,23983.892499999994,-0.1763841631186123,0.025663387194250098,37.32212054676734,2.4527846406382356,13.235445398400644,33.13545371742094,0.0,102474.2769545978,0.0
2025-01-23,0.0,0.0,23128.3,23270.8,23090.65,23205.35,0,23863.628999999986,23987.350749999994,-0.13926905194016895,0.02777964386259154,37.11415154530857,0.6024140278988169,15.367181531082291,31.491520871744573,0.0,102474.2769545978,0.0
2025-01-24,0.0,0.0,23183.9,23347.3,23050.0,23092.2,0,23854.291999999983,23989.480249999993,-0.09590324087953911,0.023297927973946593,36.47765007886688,-2.262654038755044,16.206994818176785,28.939806281439335,-0.0,102474.2769545978,0.0
2025-01-27,0.0,0.0,22940.15,23007.45,22786.9,22829.15,0,23840.220999999983,23990.412249999998,-0.09809069693466613,0.01276297675350178,36.63568622888626,-1.2891721796151268,14.874128568142615,33.64704728610548,-0.0,102474.2769545978,0.0
2025-01-28,0.0,0.0,22960.45,23137.95,22857.65,22957.25,0,23830.289999999983,23991.4295,-0.10061920932300328,0.008125436565075738,36.0654478201051,-1.130013194025861,17.125731310985213,30.880701843758306,0.0,102474.2769545978,0.0
2025-01-29,0.0,0.0,23026.75,23183.35,22976.5,23163.1,0,23823.181999999983,23994.647999999994,-0.07147165288442872,0.017656011726085233,35.293339211369606,-3.6640422377519077,17.305568880585508,29.000628400200423,0.0,102474.2769545978,0.0
2025-01-30,0.0,0.0,23169.5,23322.05,23139.2,23249.5,0,23821.173999999985,23999.532999999992,-0.03825383576951087,0.033776645114013744,33.861380268755575,-6.1112995528114356,20.253707629136294,27.540348300312683,0.0,102474.2769545978,0.0
2025-01-31,0.0,0.0,23296.75,23546.8,23277.4,23508.4,0,23813.196999999982,24006.335499999994,-0.04191295688376385,0.0487087787243222,31.524208029857373,-10.679440556585313,24.737882571691216,25.308900817716435,0.0,102474.2769545978,0.0
2025-02-01,0.0,0.0,23528.6,23632.45,23318.3,23482.15,0,23798.401999999984,24013.766999999996,-0.09559562429627046,0.05930948739712569,29.536501036292936,-12.772306380119042,24.95113903991011,23.172345799708186,-0.0,102474.2769545978,0.0
2025-02-03,0.0,0.0,23319.35,23381.6,23222.0,23361.05,0,23781.732999999986,24019.837249999997,-0.13212841602073142,0.05624244483296123,27.568185020760634,-12.549159063250345,23.20419589972435,24.141680625476805,-0.0,102474.2769545978,0.0
2025-02-04,0.0,0.0,23509.9,23762.75,23423.15,23739.25,0,23771.019999999986,24026.851499999993,-0.11505814550068448,0.054487494610892195,26.835668592494336,-9.14405007038564,30.67933531970436,21.624070238800126,0.0,102474.2769545978,0.0
2025-02-05,0.0,0.0,23801.75,23807.3,23680.45,23696.3,0,23766.66299999999,24033.492999999995,-0.06336796397468629,0.05685196722137691,26.292850566611918,-4.626109601296952,30.831435132887542,20.883448327317367,-0.0,102474.2769545978,0.0
2025-02-06,0.0,0.0,23761.95,23773.55,23556.25,23603.35,0,23756.10799999999,24039.49774999999,-0.06273184743438284,0.05263382095651595,25.23287076784413,-5.972639806330344,28.99912911882256,23.03911913561602,-0.0,102474.2769545978,0.0
2025-02-07,0.0,0.0,23649.5,23694.5,23443.2,23559.95,0,23741.785999999986,24044.44574999999,-0.10467182540520753,0.045572859509005796,23.769856965070364,-9.595740085882461,27.00066578212883,24.551584607184058,-0.0,102474.2769545978,0.0
2025-02-10,0.0,0.0,23543.8,23568.6,23316.3,23381.6,0,23720.27499999999,24049.25399999999,-0.15083699737347017,0.040584250559055665,22.239747304394847,-11.862001319578797,25.128327735036553,26.336896778271612,-0.0,102474.2769545978,0.0
2025-02-11,0.0,0.0,23383.55,23390.05,22986.65,23071.8,0,23692.361999999994,24051.395999999986,-0.20817304982865156,0.028905844086651134,21.93058776812148,-7.737821896243115,22.44798417921261,32.24417843073453,-0.0,102474.2769545978,0.0
2025-02-12,0.0,0.0,23050.8,23144.7,22798.35,23045.25,0,23659.098999999995,24053.597999999987,-0.257905947549073,0.018062930351175652,22.167035729566063,-0.3269442491121064,20.43278311980408,34.23018627470603,-0.0,102474.2769545978,0.0
2025-02-13,0.0,0.0,23055.75,23235.5,22992.2,23031.4,0,23626.17099999999,24055.51399999999,-0.2793769570125703,0.017121667282856322,21.99019114020146,0.27178191806888224,21.506721867187238,32.05334861356531,-0.0,102474.2769545978,0.0
2025-02-14,0.0,0.0,23096.45,23133.7,22774.85,22929.25,0,23592.375999999993,24057.78099999999,-0.28201834735972736,0.017390329712854362,22.414060850802535,1.114380489345239,19.533597171249898,34.669456987889646,-0.0,102474.2769545978,0.0
2025-02-17,0.0,0.0,22809.9,22974.2,22725.45,22959.5,0,23559.36499999999,24060.36499999999,-0.2827627041216307,0.020165854697606497,22.933677884611004,4.290489056662652,18.28152987409359,33.72015320774217,0.0,102474.2769545978,0.0
2025-02-18,0.0,0.0,22963.65,22992.5,22801.5,22945.3,0,23525.43499999999,24063.57899999999,-0.2837399675217221,0.024100310830823785,23.32659050888665,4.071237533253334,17.843595612203735,32.022846454497554,-0.0,102474.2769545978,0.0
2025-02-19,0.0,0.0,22847.25,23049.95,22814.85,22932.9,0,23493.11899999999,24066.730999999992,-0.28118754474069746,0.02645845148235202,23.400979176761076,2.0376203699261053,18.255972188652013,30.01983667208956,-0.0,102474.2769545978,0.0
2025-02-20,0.0,0.0,22821.1,22923.85,22812.75,22913.15,0,23456.01599999999,24071.509249999992,-0.2950806223136861,0.03295540534515358,23.47677919884609,0.6438518732612125,17.64841836677177,29.07895143731058,-0.0,102474.2769545978,0.0
2025-02-21,0.0,0.0,22857.2,22921.0,22720.3,22795.9,0,23418.568999999985,24075.212749999995,-0.31732695858734883,0.03524263432371705,23.8478485807438,1.9096183993296267,16.65153933747226,30.03834710947929,-0.0,102474.2769545978,0.0
2025-02-24,0.0,0.0,22609.35,22668.05,22518.8,22553.35,0,23382.915999999987,24077.459249999993,-0.31164712711656667,0.024718018044509318,24.781760997356077,5.558606602110608,15.361387155469572,33.345099205220095,-0.0,102474.2769545978,0.0
2025-02-25,0.0,0.0,22516.45,22625.3,22513.9,22547.55,0,23349.889999999985,24079.107749999996,-0.29326727862834034,0.016178465546479698,25.662572809516213,7.6095930525059226,14.862822826320826,32.405619593633936,-0.0,102474.2769545978,0.0
2025-02-27,0.0,0.0,22568.95,22613.3,22508.4,22545.05,0,23321.756999999987,24080.830249999995,-0.26155420478780184,0.014000646683693689,26.496808700756635,6.920604647843763,14.389231913285478,31.540109187065074,-0.0,102474.2769545978,0.0
2025-02-28,0.0,0.0,22433.4,22450.35,22104.85,22124.7,0,23292.500999999986,24079.434499999996,-0.24577845977004284,0.001356985497106614,28.270644253363034,10.162938311780238,12.578004293940698,39.109421948630725,-0.0,102474.2769545978,0.0
2025-03-03,0.0,0.0,22194.55,22261.55,22004.7,22119.3,0,23259.81799999999,24077.7005,-0.2655846212615907,-0.012996852548289613,30.11352438857145,13.649627502920895,11.656066435551631,39.10078803116935,-0.0,102474.2769545978,0.0
2025-03-04,0.0,0.0,21974.45,22105.05,21964.6,22082.65,0,23226.91799999999,24075.60375,-0.28156272269772625,-0.015908803838384795,31.902535442576973,12.84686389409712,11.127054404572528,38.50262795415495,-0.0,102474.2769545978,0.0
2025-03-05,0.0,0.0,22073.05,22394.9,22067.8,22337.3,0,23198.65999999999,24074.645,-0.2629341295791716,-0.012690165325374715,31.837330945994758,5.7243600422855865,18.384683993182264,34.89628033967557,0.0,102474.2769545978,0.0
2025-03-06,0.0,0.0,22476.35,22556.45,22245.85,22544.7,0,23173.285999999993,24074.379500000003,-0.2309045048507848,-0.005085023049507797,30.97675427637367,-2.9019046710869287,21.32405204605964,31.84601321051029,0.0,102474.2769545978,0.0
2025-03-07,0.0,0.0,22508.65,22633.8,22464.75,22552.5,0,23151.437999999995,24072.30375,-0.20355486049622834,-0.00972496167649122,29.816331357905305,-6.347892640616286,22.51477423863794,30.29393761135517,0.0,102474.2769545978,0.0
2025-03-10,0.0,0.0,22521.85,22676.75,22429.05,22460.3,0,23127.747999999992,24069.819750000002,-0.1965107581203653,-0.018940259706383498,28.536956059984274,-7.8762229077378105,22.14519514330459,28.130562950757554,-0.0,102474.2769545978,0.0
2025-03-11,0.0,0.0,22345.95,22522.1,22314.7,22497.9,0,23104.80999999999,24067.647,-0.20140433609352584,-0.01934484562990064,27.764015021953806,-6.883195357994172,20.8054547446677,29.76427814192617,0.0,102474.2769545978,0.0
2025-03-12,0.0,0.0,22536.35,22577.4,22329.55,22470.5,0,23079.361999999994,24065.55875,-0.20921189559830305,-0.017702666842788636,26.767036196046824,-6.202202716425337,20.914270671736954,27.614272486851117,-0.0,102474.2769545978,0.0
2025-03-13,0.0,0.0,22541.5,22558.05,22377.35,22397.2,0,23043.532999999992,24064.02125,-0.26521317422648466,-0.015064829561440897,25.841270143418914,-6.925312772718653,19.79177932767316,26.13218485751784,-0.0,102474.2769545978,0.0
2025-03-17,0.0,0.0,22353.15,22577.0,22353.15,22508.75,0,23013.612999999994,24064.12175,-0.28488222508057115,-0.005971189013019351,25.083684458580304,-6.288898498650856,18.469341346908635,25.108448354527585,0.0,102474.2769545978,0.0
2025-03-18,0.0,0.0,22662.25,22857.8,22599.2,22834.3,0,22997.977999999992,24065.639749999995,-0.19769103982449354,0.006725808555347826,23.61615274609172,-8.610712186273362,24.721876917643037,22.575412195403157,0.0,102474.2769545978,0.0
2025-03-19,0.0,0.0,22874.95,22940.7,22807.95,22907.6,0,22981.971999999998,24063.858249999994,-0.13748819014205196,-0.001094991135525523,22.606196238290696,-9.876891189492461,26.21884922909296,21.679624998813146,0.0,102474.2769545978,0.0
2025-03-20,0.0,0.0,23036.6,23216.7,22973.95,23190.65,0,22972.005999999998,24070.388999999996,-0.11293166729698717,0.019734567829225308,22.68005915901715,-3.963785283483508,31.926593968383994,19.717732152322732,0.0,102474.2769545978,0.0
2025-03-21,0.0,0.0,23168.25,23402.7,23132.8,23350.4,0,22968.483999999993,24074.039249999998,-0.058689480606820124,0.042308261186687034,23.3048382978424,3.090489227764623,34.827291258328884,18.171407602534778,0.0,102474.2769545978,0.0
2025-03-24,0.0,0.0,23515.4,23708.75,23433.5,23658.35,0,22973.020999999997,24078.223999999995,0.0044184212732637194,0.03255036717520074,24.634607071315866,8.617913642088647,39.92691586141724,16.33924171361895,0.0,102474.2769545978,0.0
2025-03-25,0.0,0.0,23751.5,23869.6,23601.4,23668.65,0,22984.674999999996,24080.116499999993,0.07049224493877149,0.025243998054854132,26.20009334138567,12.423407562588908,41.43362186229373,15.111204953679398,0.0,102474.2769545978,0.0
2025-03-26,0.0,0.0,23700.95,23736.5,23451.7,23486.85,0,22990.890999999996,24081.254749999993,0.07778689620315493,0.012587099447193778,26.879272999794697,9.111839786933249,38.154266552934644,18.07542581225585,-0.0,102474.2769545978,0.0
2025-03-27,0.0,0.0,23433.95,23646.45,23412.2,23591.95,0,22998.465999999997,24082.890249999993,0.06000084839137851,0.011518839620233114,27.310342301537723,4.237576353967804,35.65463569721382,17.995951075600736,0.0,102474.2769545978,0.0
2025-03-28,0.0,0.0,23600.4,23649.2,23450.2,23519.35,0,23002.617,24083.872249999993,0.05100280802515391,0.010869450230787047,27.718007263688133,3.120375554427539,33.71660899577581,16.978330430246253,-0.0,102474.2769545978,0.0
2025-04-01,0.0,0.0,23341.1,23565.15,23136.4,23165.7,0,23001.867,24082.706249999992,0.014787942813236584,-0.0007640278973621366,26.583423384592486,-2.6616983006628514,29.80595106362216,23.49804518813112,-0.0,102474.2769545978,0.0
2025-04-02,0.0,0.0,23192.6,23350.0,23158.45,23332.35,0,23001.619,24082.03999999999,-0.00433863677337058,-0.007607788236806956,25.529881211146524,-7.8942401296219975,28.230560816836707,22.256058608709857,0.0,102474.2769545978,0.0
2025-04-03,0.0,0.0,23150.3,23306.5,23145.8,23250.1,0,23006.128000000004,24080.500999999986,0.018524583243637916,-0.009156985835038142,24.492554886621768,-7.865309398723139,26.74780027473494,21.44325963278719,-0.0,102474.2769545978,0.0
2025-04-04,0.0,0.0,23190.4,23214.7,22857.45,22904.45,0,23001.11,24077.44324999999,-0.0022128877102007283,-0.019087876276264855,23.17447135686674,-9.226090144326236,23.902138353938902,26.974792312197653,-0.0,102474.2769545978,0.0
2025-04-07,0.0,0.0,21758.4,22254.0,21743.65,22161.6,0,22980.235,24070.416249999987,-0.11254827409463974,-0.04187931970351519,24.5666355044553,0.30246178145341024,17.854566657748045,44.426744424808554,-0.0,102474.2769545978,0.0
2025-04-08,0.0,0.0,22446.75,22697.2,22270.85,22535.85,0,22969.108000000004,24065.589999999986,-0.13913241578339813,-0.04922968720943308,24.40082215175428,5.29181777656458,25.10199226203188,39.465103122604425,0.0,102474.2769545978,0.0
2025-04-09,0.0,0.0,22460.3,22468.7,22353.25,22399.15,0,22960.508,24059.896499999988,-0.08584333450027362,-0.04370406348913672,24.246852609960477,-1.3016959299812418,24.11325346857515,37.910617803759415,-0.0,102474.2769545978,0.0
2025-04-11,0.0,0.0,22695.4,22923.9,22695.4,22828.55,0,22957.934000000005,24055.43274999999,-0.048647949236857904,-0.042206528075964776,22.832028638216492,-6.4292649804219835,30.918703904066575,33.791390112026995,0.0,102474.2769545978,0.0
2025-04-15,0.0,0.0,23368.35,23368.35,23207.0,23328.55,0,22961.243000000002,24052.73149999999,0.0032011486853887644,-0.029779845478542434,21.874874106282792,-9.78262433410961,36.44288680299621,30.160906780054574,0.0,102474.2769545978,0.0
2025-04-16,0.0,0.0,23344.1,23452.2,23273.05,23437.2,0,22964.997000000003,24049.694999999992,0.030764963432677706,-0.02385220028933629,21.15606774321755,-7.3403941522467235,36.826049951458316,29.04556781294671,0.0,102474.2769545978,0.0
2025-04-17,0.0,0.0,23401.85,23872.35,23298.55,23851.65,0,22971.862,24048.900249999995,0.046247496270122555,-0.01592854433183872,21.270835291146373,-2.761336189646599,40.94334004155961,25.759823404866694,0.0,102474.2769545978,0.0
2025-04-21,0.0,0.0,23949.15,24189.55,23903.65,24125.55,0,22984.730000000003,24048.818249999993,0.08592642097884956,-0.0036455763784091536,21.883334940245813,3.437629364093037,44.48643819577725,24.03549749686115,0.0,102474.2769545978,0.0
2025-04-22,0.0,0.0,24185.4,24242.6,24072.0,24167.25,0,23000.854000000003,24049.035249999994,0.12620657393815968,0.0005613562308255627,22.533506203721128,5.936160452995097,44.01620113769874,23.191425608036102,0.0,102474.2769545978,0.0
2025-04-23,0.0,0.0,24357.6,24359.3,24119.95,24328.95,0,23012.648,24049.247499999994,0.12146324973144275,0.001784910990381192,23.319958920659307,6.564922505350805,44.255074942470884,22.022895703115406,0.0,102474.2769545978,0.0
2025-04-24,0.0,0.0,24277.9,24347.85,24216.15,24246.7,0,23023.656000000003,24048.970249999995,0.09913544949243919,-0.000270281112414646,24.050236443530473,6.730999721467561,42.97204889622804,21.384416413734066,-0.0,102474.2769545978,0.0
2025-04-25,0.0,0.0,24289.0,24365.45,23847.85,24039.35,0,23032.376,24047.547749999994,0.08572677077405066,-0.007067788711475349,23.58882360828256,1.1529380842307753,38.2754268619532,26.824119342392606,-0.0,102474.2769545978,0.0
2025-04-28,0.0,0.0,24070.25,24355.1,24054.05,24328.5,0,23047.747000000003,24047.587499999994,0.1046358580062191,-0.00574972643579477,23.160368832695212,-3.7000368496361924,35.7113028826096,25.02713435046368,0.0,102474.2769545978,0.0
2025-04-29,0.0,0.0,24370.7,24457.65,24290.75,24335.95,0,23066.834,24047.101249999996,0.14960679697135337,-0.001856738178212769,22.98116469558682,-2.5760458545392555,36.656555765164036,24.107798510585607,0.0,102474.2769545978,0.0
2025-04-30,0.0,0.0,24342.05,24396.15,24198.75,24334.2,0,23092.082,24047.149999999994,0.19236153538129122,-0.0018193093174107386,22.5162068258536,-2.7813115218279933,35.018112906126696,25.11339803512466,-0.0,102474.2769545978,0.0
2025-05-02,0.0,0.0,24311.9,24589.15,24238.5,24346.7,0,23118.110999999997,24047.303749999995,0.22229752032722924,0.0008420973401083757,22.517523989121855,-2.017481327019077,36.595281412771165,23.13522302070356,0.0,102474.2769545978,0.0
2025-05-05,0.0,0.0,24419.5,24526.4,24400.65,24461.15,0,23146.705999999995,24047.098749999994,0.23654861436918578,-0.00021312296883596008,22.51874706929952,0.011281844520102065,35.07065975319288,22.17137028464483,0.0,102474.2769545978,0.0
2025-05-06,0.0,0.0,24500.75,24509.65,24331.8,24379.6,0,23175.713,24046.063249999992,0.24916395634575245,-0.005158582487666717,22.264704743224343,-1.1227666328662462,33.579573896564455,22.87463885118067,-0.0,102474.2769545978,0.0
2025-05-07,0.0,0.0,24233.3,24449.6,24220.0,24414.4,0,23204.810999999998,24045.070249999993,0.2510292393224471,-0.008435529046930661,21.616597270315996,-4.006216670080417,31.70546207790651,24.315610308624418,0.0,102474.2769545978,0.0
2025-05-08,0.0,0.0,24431.5,24447.25,24150.2,24273.8,0,23231.380999999998,24042.434999999994,0.24019972977745216,-0.015088748466957205,20.75940564858687,-6.7609209823254846,29.417892894767288,24.256599556829503,-0.0,102474.2769545978,0.0
2025-05-09,0.0,0.0,23935.75,24164.25,23935.75,24008.0,0,23252.882999999998,24039.820499999994,0.20716393682327394,-0.02183295763088503,19.330588967660198,-10.575245835730836,27.02794089900527,27.43970108443224,-0.0,102474.2769545978,0.0
2025-05-12,0.0,0.0,24420.1,24944.8,24378.85,24924.7,0,23293.113999999998,24041.897749999993,0.26573108159174946,-0.002234590631112125,19.842915976394895,-4.414816530425872,38.012991458082986,22.085095147219295,0.0,102474.2769545978,0.0
2025-05-13,0.0,0.0,24864.05,24973.8,24547.5,24578.35,0,23328.763000000003,24042.394249999994,0.3263251270821113,0.01070619474883169,20.374867825479885,5.402209211352801,35.28882107255951,20.157410399571837,-0.0,102474.2769545978,0.0
2025-05-14,0.0,0.0,24613.8,24767.55,24535.55,24666.9,0,23371.034,24043.661249999994,0.33451946356336,0.007335111472225323,20.825818996917096,4.953420261878149,33.57144989383259,19.42709941689083,0.0,102474.2769545978,0.0
2025-05-15,0.0,0.0,24694.45,25116.25,24494.45,25062.1,0,23421.325,24046.941249999996,0.3967720020131289,0.018912425912000423,21.922164673086844,7.5941442215000725,36.34363571149219,17.034336550929563,0.0,102474.2769545978,0.0
2025-05-16,0.0,0.0,25064.65,25070.0,24953.05,25019.8,0,23470.82,24047.865999999995,0.42696442100079973,0.017487977210628797,22.94019994381589,10.152690500247756,35.459024035542036,16.6197172452377,-0.0,102474.2769545978,0.0
2025-05-19,0.0,0.0,25005.35,25062.95,24916.65,24945.45,0,23527.235,24048.41275,0.4521947413308165,0.006119281386788803,23.735492201057042,8.271662744128385,34.33320791386166,16.88199153739044,-0.0,102474.2769545978,0.0
2025-05-20,0.0,0.0,24996.2,25010.35,24669.7,24683.9,0,23578.527,24047.54575,0.4588974735437386,-0.0013317189974087244,23.5040623568794,2.457966427688049,31.80137342004094,20.98297152402292,-0.0,102474.2769545978,0.0
2025-05-21,0.0,0.0,24744.25,24946.2,24685.35,24813.45,0,23633.142999999996,24046.85725,0.4501506445614872,-0.0064682023556776064,23.289163215857304,-1.88042860632088,29.96878616241791,19.77380594069756,0.0,102474.2769545978,0.0
2025-05-22,0.0,0.0,24733.95,24737.5,24462.4,24609.7,0,23678.590999999997,24044.85125,0.4243861374376715,-0.011204885637867748,22.264422568444157,-5.27415120676963,27.670563222424406,23.127772615738625,-0.0,102474.2769545978,0.0
2025-05-23,0.0,0.0,24639.5,24909.05,24614.05,24853.15,0,23724.759999999995,24045.5285,0.3876632067093166,-0.005525670095623751,21.79157911307229,-6.430390344661786,29.620388154864525,21.606187957655347,0.0,102474.2769545978,0.0
2025-05-26,0.0,0.0,24919.35,25079.2,24900.5,25001.15,0,23773.732999999993,24050.256250000006,0.40180600273046735,0.022478824858632104,21.79167017252352,-2.123353500264043,31.938759323832812,20.50891439297453,0.0,102474.2769545978,0.0
2025-05-27,0.0,0.0,24956.65,25062.9,24704.1,24826.2,0,23821.050999999992,24054.42450000001,0.40586711941447445,0.03699648356661371,21.06905126031805,-3.3156287068742594,29.387622100712274,23.242994741467644,-0.0,102474.2769545978,0.0
2025-05-28,0.0,0.0,24832.5,24864.25,24737.05,24752.45,0,23866.141999999993,24056.69925000001,0.3887021024422192,0.026789735348466143,20.39804798469869,-6.395205951593417,28.517954074427244,22.555164698856757,-0.0,102474.2769545978,0.0
2025-05-29,0.0,0.0,24825.1,24892.6,24677.3,24833.6,0,23913.403999999995,24060.282250000004,0.3876949006154381,0.024352068784666097,19.54782314439181,-7.220202263171473,27.05835987983352,22.821145654280443,0.0,102474.2769545978,0.0
2025-05-30,0.0,0.0,24812.6,24863.95,24717.4,24750.7,0,23960.473999999995,24062.198250000005,0.39525449903047666,0.022858497513935358,18.75832864982114,-8.038609067434098,26.079893187136687,21.995902327964174,-0.0,102474.2769545978,0.0
2025-06-02,0.0,0.0,24669.7,24754.4,24526.15,24716.6,0,24004.630999999998,24064.046250000003,0.38148897580621566,0.015644039254773135,17.552567120142253,-10.207049703240164,24.588519083372642,25.529570020950164,-0.0,102474.2769545978,0.0
2025-06-03,0.0,0.0,24786.3,24845.1,24502.15,24542.5,0,24038.794999999995,24066.063750000005,0.32687583726432096,0.01606461703888539,16.50347047441742,-12.020570795496868,24.74592132032586,23.367372452789407,-0.0,102474.2769545978,0.0
2025-06-04,2.0,0.2850116712895683,24560.45,24644.25,24530.45,24620.2,0,24073.04699999999,24068.446000000007,0.2850116712895683,0.018283500431703716,15.529309303387217,-11.526848482654534,24.018974772480274,22.68092273378765,0.0,102474.2769545978,0.0
2025-06-05,2.0,0.2722973426912561,24691.2,24899.85,24613.1,24750.9,0,24104.251999999993,24069.494750000005,0.2722973426912561,0.014256589842202568,15.54099806476122,-5.831939476900688,28.82665566638612,21.00638113900044,0.010617297991080576,103562.27688944527,2.0
2025-06-06,2.0,0.2669292341763188,24748.7,25029.5,24671.45,25003.05,0,24137.304999999997,24071.646750000004,0.2669292341763188,0.013298532028184668,15.957039653688451,2.7543423982671156,29.49347265833262,19.109224388162822,0.020375016666060564,105672.3600070429,0.0
2025-06-09,2.0,0.2570085974872846,25160.1,25160.1,25077.15,25103.2,0,24166.201999999994,24073.668500000007,0.2570085974872846,0.01734041384479724,16.725452443447416,7.621482055080575,31.689192692833245,18.327361038390144,0.008011022655236122,106518.90367709158,0.0
2025-06-10,2.0,0.2386720472728697,25196.05,25199.3,25055.45,25104.25,0,24194.913999999993,24075.338750000006,0.2386720472728697,0.015337546443525868,17.55160721454028,9.99287834998421,31.517003652728693,17.61637519110105,8.365467350790468e-05,106527.8144812011,0.0
2025-06-11,2.0,0.2557414690152646,25134.15,25222.4,25081.3,25141.4,0,24228.00499999999,24076.988250000006,0.2557414690152646,0.013789963087672939,18.387746813412953,9.938710929262658,30.920781189669505,16.92288970620275,0.002959658225201167,106843.1004035431,0.0
2025-06-12,2.0,0.24391903190892103,25164.45,25196.2,24825.9,24888.2,0,24253.92999999999,24077.313500000004,0.24391903190892103,0.008202376799361064,17.888019664997966,1.9167045293663605,27.825018462798052,22.133913399329323,-0.020142076415792243,104691.05851071476,0.0
2025-06-13,2.0,0.20600127827280815,24473.0,24754.35,24473.0,24718.6,0,24277.91499999999,24075.853500000005,0.20600127827280815,-0.004713006411842547,17.153933079583577,-6.709977825719078,24.823946852888106,28.91382522388713,-0.013628948658400475,103264.22944927862,0.0
2025-06-16,2.0,0.24573749491320546,24732.35,24967.1,24703.6,24946.5,0,24313.53099999999,24075.497250000004,0.24573749491320546,-0.007543408030135314,16.151445535399226,-9.708028960839904,28.662761298065597,26.92880073888321,0.018439555638264604,105168.37595365112,0.0
2025-06-17,2.0,0.2720044122404937,24977.85,24982.05,24813.7,24853.4,0,24343.951999999987,24074.50250000001,0.2720044122404937,-0.005611431387033113,15.272389572294633,-10.968583697742975,27.770457236379304,25.714154659205096,-0.007463972902010285,104383.40204538463,0.0
2025-06-18,2.0,0.2536036415278235,24788.35,24947.55,24750.45,24812.05,0,24375.190999999988,24072.803000000007,0.2536036415278235,-0.01119083843635598,14.211374674581377,-12.011747534087792,26.276108458296044,26.05726025143693,-0.0033275125334966127,104036.0649667896,0.0
2025-06-19,2.0,0.28349957311780394,24803.25,24863.1,24733.4,24793.25,0,24412.96699999999,24070.589750000006,0.28349957311780394,-0.016252672303417866,13.234460899761574,-13.343875644909092,25.31091402986203,25.582983557468896,-0.001515392722487574,103878.40947106268,0.0
2025-06-20,2.0,0.397092273041051,24787.65,25136.2,24783.65,25112.4,0,24471.982999999986,24069.758250000006,0.397092273041051,-0.012648090876666627,13.260940968008319,-6.687837935010006,30.37436130926241,23.099187719465842,0.02574491040908322,106552.74981633325,0.0
2025-06-23,2.0,0.44131055434593475,24939.75,25057.0,24824.85,24971.9,0,24520.70399999998,24068.21850000001,0.44131055434593475,-0.009851233495417399,13.285529602808866,0.38587671559944164,27.98760653816293,21.284101109524663,-0.011189691148595804,105360.45745485487,0.0
2025-06-24,2.0,0.4152708017163957,25179.9,25317.7,24999.7,25044.35,0,24573.607999999986,24067.446750000006,0.4152708017163957,-0.009603337000693789,14.13979309877478,6.627373825784078,32.36597228986963,19.318192048741928,0.005802522034767055,105971.81383082981,0.0
2025-06-25,2.0,0.41282664641277383,25150.35,25266.8,25125.05,25244.75,0,24621.931999999983,24067.94500000001,0.41282664641277383,-0.0011363533200404114,14.933037773600272,12.400771516425548,30.41948289184324,18.15639608367267,0.016003609596575874,107667.74536761943,0.0
2025-06-26,2.0,0.3773682724978627,25268.95,25565.3,25259.9,25549.0,0,24666.340999999982,24071.42925000001,0.3773682724978627,0.01654724758039359,16.47996514204036,16.550256619160557,35.77178270850637,16.606542537343707,0.02410402162825953,110262.97103062646,0.0
2025-06-27,2.0,0.3591147924541509,25576.65,25654.2,25523.55,25637.8,0,24710.352999999985,24074.936250000006,0.3591147924541509,0.029047972313363216,18.126624944412423,21.38605164756236,36.93730010764796,16.00680133755759,0.006951348389369283,111029.44735670727,0.0
2025-06-30,2.0,0.31346359802616613,25661.65,25669.35,25473.3,25517.05,0,24743.660999999986,24077.316000000006,0.31346359802616613,0.024455340556887976,19.381806837853794,17.60829996181753,34.900455609277905,16.53752331968093,-0.00941968499637258,109983.58493728578,0.0
2025-07-01,2.0,0.24942177070477978,25551.35,25593.4,25501.8,25541.8,268402409,24771.985999999986,24080.432750000004,0.24942177070477978,0.022830797734708298,20.54733288176364,13.354432746165504,33.958238067617124,16.091055091819587,0.0019398794139604547,110196.93982957919,0.0
2025-07-02,2.0,0.2184317025681806,25588.3,25608.1,25378.75,25453.4,320004664,24797.708999999984,24080.755250000002,0.2184317025681806,0.01428419180940188,20.927975673480066,7.977423614636972,31.653954034814202,18.639780363827228,-0.006921986704147454,109434.15807724111,0.0
2025-07-03,2.0,0.1907396524444993,25505.1,25587.5,25384.35,25405.3,302490869,24819.235999999986,24080.999250000004,0.1907396524444993,0.0023525324726600474,21.281429694359606,3.572710953875173,29.729609494450937,17.506608832167995,-0.0037794557897963266,109020.55651489459,0.0
2025-07-04,2.0,0.18474690545002342,25428.85,25470.25,25331.65,25461.0,197838624,24843.521999999986,24081.385500000004,0.18474690545002342,0.002617235188260879,21.297580375790396,1.766079567737136,28.458457989548762,18.383833721505937,0.004384911809740544,109498.60204066124,0.0
2025-07-07,2.0,0.21243603147172704,25450.45,25489.8,25407.25,25461.3,202160265,24871.96099999999,24081.599250000003,0.21243603147172704,0.0024915909583716495,21.389253131783395,0.5066550460769408,28.330976711696763,17.89311503520224,2.3565453045826246e-05,109501.1824248262,0.0
2025-07-08,2.0,0.2105941339557231,25427.85,25548.05,25424.15,25522.5,218378476,24895.840999999986,24082.324000000004,0.2105941339557231,0.0038972010144524435,21.706843896283626,1.921643272483912,29.103712814011352,17.153038740855653,0.004807295778298748,110027.58699681578,0.0
2025-07-09,2.0,0.1876932824074504,25514.6,25548.7,25424.35,25476.1,246407440,24918.64399999999,24082.625500000002,0.1876932824074504,0.004261552521263642,22.004424402397223,2.8760764427988073,27.880692571051807,16.41903651862973,-0.0036360074444119483,109627.52587140468,0.0
2025-07-10,2.0,0.17361936075991827,25511.65,25524.05,25340.45,25355.25,228409402,24939.06499999999,24080.447,0.17361936075991827,-0.007794098277242865,21.691090193700038,-0.07257481860955858,26.104526012672018,18.284228262454942,-0.009487323412924242,108587.45407850394,0.0
2025-07-11,2.0,0.14641246128803811,25255.5,25322.45,25129.0,25149.85,256616674,24955.127999999993,24076.501,0.14641246128803811,-0.02543119727540387,20.152794736485486,-8.414806186477731,24.069595786768325,24.144305054729077,-0.016201772808392745,106828.14481768223,0.0
2025-07-14,2.0,0.11422240569165057,25149.5,25151.1,25001.95,25082.3,266549506,24967.550999999996,24072.210499999997,0.11422240569165057,-0.03420409928438083,19.35958699805511,-10.748667654897721,22.80739416990401,27.345138337087448,-0.00537180142227478,106254.28523741163,0.0
2025-07-15,2.0,0.115194760772227,25089.5,25245.2,25088.45,25195.8,249121518,24983.874999999996,24068.168749999997,0.115194760772227,-0.034607395817204144,18.106381955566214,-10.154486301665937,24.838332878626577,25.756485344088752,0.009050206719479537,107215.90848364076,0.0
2025-07-16,2.0,0.1292757948106399,25196.6,25255.3,25121.05,25212.05,239218549,24999.827999999998,24063.148749999997,0.1292757948106399,-0.037644029408935076,16.8873573992441,-12.77005340588813,23.98931671176476,24.49355710393391,0.0012898975226027787,107354.20601837742,0.0
2025-07-17,2.0,0.13090843594117532,25230.75,25238.35,25101.0,25111.45,254950473,25016.580999999995,24057.811249999995,0.13090843594117532,-0.04303401770025355,15.86854505511701,-12.359381934728562,22.759732493290024,23.986342287990865,-0.007980311002080187,106497.48606696939,0.0
2025-07-18,2.0,0.14384498965351158,25108.55,25144.6,24918.65,24968.4,325494375,25035.788999999993,24053.599,0.14384498965351158,-0.03968620274600727,15.865120981577165,-6.053264542815267,20.86508297526988,28.707817198694535,-0.011393209073948363,105284.13794235849,0.0
2025-07-21,2.0,0.09005227372996508,24999.0,25111.4,24882.3,25090.7,316849940,25039.108999999993,24050.068,0.09005227372996508,-0.032186011934048644,16.031929037299346,1.0296090890175837,19.12650279050725,27.63781068955374,0.009796382627641265,106315.5416422632,0.0
2025-07-22,2.0,0.05180983111815543,25166.65,25182.0,25035.55,25060.9,491530801,25048.75999999999,24049.122000000003,0.05180983111815543,-0.018612599303727124,15.715448705913827,-0.9434045655065603,20.70415183791956,26.138458849025596,-0.002375382113691371,106063.00160623876,0.0
2025-07-23,2.0,0.08271460458117473,25139.35,25233.5,25085.5,25219.9,278717223,25059.819999999992,24050.148500000007,0.08271460458117473,0.00033471838835260286,15.086639323548656,-5.896294273455243,21.292535072576612,24.454633016475206,0.01268908937827451,107408.8445133484,0.0
2025-07-24,2.0,0.04415388226802969,25243.3,25246.25,25018.7,25062.1,350968454,25059.819999999992,24051.480250000004,0.04415388226802969,0.009805971294923511,14.871356604236746,-5.371097685295129,19.50828014108727,24.865369412040348,-0.01251392749376512,106064.73802091926,0.0
2025-07-25,2.0,-0.014589091222533436,25010.35,25010.35,24806.35,24837.0,284378760,25056.16399999999,24050.5995,-0.014589091222533436,0.0018752482962575273,15.673275109654663,3.8884457533914105,17.711825165387854,30.22159167530809,-0.01796337896664668,104159.4569368514,0.0
2025-07-28,2.0,-0.03570257088839328,24782.45,24889.2,24646.6,24680.9,269112728,25050.87299999999,24049.094250000002,-0.03570257088839328,-0.0099203873325104,17.022019127458858,14.461777633719056,16.188912922227804,33.28494739773358,-0.012569956113862357,102850.17713431144,0.0
2025-07-29,-1.0,-0.010165163350617686,24609.65,24847.15,24598.6,24821.1,295506044,25053.61699999999,24048.2075,-0.010165163350617686,-0.00994569802719398,18.441349831575856,17.66111232371639,14.786179366951192,32.07422319838339,0.011361011956613876,104018.65922647419,0.0
2025-07-30,-1.0,0.014274951615476917,24890.4,24902.3,24771.95,24855.05,251928593,25054.448999999993,24047.6615,0.014274951615476917,-0.0059576048274815165,19.345545155151814,13.6501199434372,16.070240001357956,30.577828729834174,-0.0013677878901419138,103876.38376403543,-3.0
2025-07-31,2.0,0.015985715755152872,24642.25,24956.5,24635.0,24768.35,358068253,25057.621999999996,24045.863499999996,0.015985715755152872,-0.009747088218548507,20.685448903027815,12.16884388587186,14.298372729815384,31.90305670891706,0.003488224726966971,104238.72793442906,0.0
2025-08-01,2.0,-0.010309546220678987,24734.9,24784.15,24535.05,24565.35,269720835,25051.866,24043.403499999997,-0.010309546220678987,-0.017706503395357717,22.256752395290537,15.048463182560939,13.093751909482881,32.595699104240985,-0.016391887227045876,102530.05846143716,3.0
2025-08-04,2.0,-0.045191838235859934,24596.05,24736.25,24554.0,24722.75,266702847,25046.298000000003,24042.160749999995,-0.045191838235859934,-0.015398698408149824,23.71581992382021,14.649771609978579,12.278683521415926,30.566660818616526,0.012814798079408884,103843.96045769047,0.0
2025-08-05,-1.0,-0.03632863116862731,24720.25,24733.1,24590.3,24649.55,264406774,25042.765000000003,24041.659249999997,-0.03632863116862731,-0.007254588561056834,25.07066834316919,12.642976378144317,11.665918141952208,29.04123739005515,-0.00592167133510646,103229.03065372424,0.0
2025-08-06,-1.0,-0.02833951748077954,24641.35,24671.4,24539.2,24574.2,232694945,25039.200000000004,24040.26,-0.02833951748077954,-0.007905903382652747,26.51343518953934,11.796409631653516,11.112999005562498,29.496823860679488,0.003056850936426825,103544.58641274451,-3.0
2025-08-07,-1.0,-0.033199209432353514,24464.2,24634.2,24344.15,24596.15,623786898,25034.451,24039.335250000004,-0.033199209432353514,-0.009666554108544934,28.464697576830694,13.537849040176269,9.993818232597842,33.29861497108423,-0.0008932132073475874,103452.0990206113,0.0
2025-08-08,-1.0,-0.04990974152530043,24544.25,24585.5,24337.5,24363.3,319577789,25026.703,24038.791250000006,-0.04990974152530043,-0.006109542908407498,30.295417296980613,14.264398711086004,9.11250361212373,30.58887393656276,0.009466928767307148,104431.47267286785,0.0
2025-08-11,-1.0,-0.04145886802151489,24371.5,24600.85,24347.45,24585.05,245698424,25024.072,24039.539000000004,-0.04145886802151489,0.0008475691939134717,31.841303341015426,11.862433300303794,8.852465665900478,27.985089427679938,-0.009101804763722576,103480.95779741138,0.0
2025-08-12,-1.0,-0.014916067849609173,24563.35,24702.6,24465.65,24487.4,243471363,25022.97,24039.979000000003,-0.014916067849609173,0.004940972229613759,32.29085498284929,6.586599109389232,11.543841064421805,25.775631907089373,0.003971926028216277,103891.97650711166,0.0
2025-08-13,-1.0,-0.004471694294992348,24586.2,24664.55,24535.25,24619.35,242795489,25022.953,24042.17175,-0.004471694294992348,0.010951749116308057,32.70829579312359,2.7228547865104926,10.853897153421395,24.23509265440564,-0.005388485506832019,103332.15609742697,0.0
2025-08-14,-1.0,-0.0096271545703648,24607.25,24673.65,24596.9,24631.3,278918061,25020.561000000005,24043.6325,-0.0096271545703648,0.015197600630169898,33.00381504176995,2.2079318101033047,10.881101998372147,23.57760876552056,-0.0004853905566151173,103281.9996446626,0.0
2025-08-18,-1.0,-0.019637969986983674,24938.2,25022.0,24852.85,24876.95,372713703,25018.039000000004,24045.683000000005,-0.019637969986983674,0.014604545864302801,30.73083303841051,-6.045752940539359,21.01602942449382,20.524986782630723,-0.009973083028504526,102251.95968685641,0.0
2025-08-19,-1.0,-0.01987565346756923,24891.35,25012.65,24873.95,24980.65,258517047,25015.588000000003,24048.882000000005,-0.01987565346756923,0.021833223411667747,28.620206892433885,-13.28212554757117,20.024832609009493,19.55694942762538,-0.004168517442853847,101825.72060933577,0.0
2025-08-20,-1.0,-0.014089833339861108,24965.8,25088.7,24929.7,25050.55,292029233,25014.514000000003,24053.108000000007,-0.014089833339861108,0.030878723636184126,27.124319994334734,-11.735812822151583,21.55473858492046,18.480887185360437,-0.002798165780313777,101540.79536237093,0.0
2025-08-21,-1.0,-0.008902449144904977,25142.0,25153.65,25054.9,25083.75,232761977,25013.361000000004,24057.00500000001,-0.008902449144904977,0.03377703795129948,26.11124152549016,-8.766412403563024,23.088129624880953,17.79708364348515,-0.001325320202550495,101406.22129489415,0.0
2025-08-22,-1.0,-0.006056483847720487,25064.15,25084.85,24859.15,24870.1,220082135,25012.999000000007,24061.37875000001,-0.006056483847720487,0.034385369242109234,24.58146151001912,-9.374828511264877,21.235735422790192,23.32768559143376,0.0085174664872677,102269.94538637386,0.0
2025-08-25,-1.0,0.01847412668774429,24949.15,25021.55,24894.35,24967.75,221791155,25017.982000000007,24065.15100000001,0.01847412668774429,0.033861239169217607,23.160951495653155,-11.298926659450077,20.071991243525886,22.049299993654834,-0.003926401582623473,101868.39251095399,0.0
2025-08-26,2.0,0.0011753888448229977,24899.5,24919.65,24689.6,24712.05,750473927,25013.29300000001,24066.291000000012,0.0011753888448229977,0.020415496763672446,22.926040669151952,-6.734428057471028,18.109159879556582,27.091531672000148,0.01024121116239951,102911.64822943286,0.0
2025-08-28,2.0,-0.046922249764195186,24695.8,24702.65,24481.6,24500.9,326601486,25006.243000000006,24067.798750000013,-0.046922249764195186,0.011002424210858782,23.557127568340714,1.7105345294726508,16.655900977778384,32.16065193176631,-0.01708882913396481,101153.00865694539,3.0
2025-08-29,2.0,-0.05898463668898297,24466.7,24572.45,24404.7,24426.85,325543583,24998.539000000008,24069.19200000001,-0.05898463668898297,0.012054204779614854,24.415023366687546,6.494722394604703,15.670104886091313,32.97039773400615,-0.006044675909864683,100541.57150230643,0.0
2025-09-01,-1.0,-0.04426094715625878,24432.7,24635.6,24432.7,24625.05,229327424,24995.17500000001,24071.61075000001,-0.04426094715625878,0.015838590141103275,24.756409535121133,5.090951616665596,16.741667307458194,30.547457664993487,0.01622804413995249,102173.16456254604,0.0
2025-09-02,-1.0,-0.05608327750671011,24653.0,24756.1,24522.35,24579.6,271558516,24984.519000000015,24075.09150000001,-0.05608327750671011,0.024510585980615934,24.260453677897505,-0.6330925285983513,19.57531272695854,28.0607350300126,0.001845681531611132,102361.74368540538,-3.0
2025-09-03,-1.0,-0.06318419454952487,24616.5,24737.05,24533.2,24715.05,340283328,24979.382000000016,24080.87150000001,-0.06318419454952487,0.03847166729379602,23.799923239046993,-3.86359053689592,18.185009330571585,26.067768901629208,-0.005510667382707668,101797.66216324113,0.0
2025-09-04,-1.0,-0.045380101173849816,24980.75,24980.75,24708.2,24734.3,314094160,24973.181000000015,24086.879500000006,-0.045380101173849816,0.048963469152326265,22.268628072649154,-8.210174598107391,24.79342194704361,23.649306002039385,-0.0007788776474253467,101718.37423962202,0.0
2025-09-05,-1.0,-0.0651577368887735,24818.85,24832.35,24621.6,24741.0,210071924,24963.106000000014,24093.315500000008,-0.0651577368887735,0.051675870617886484,20.958995044540465,-11.936711585042431,23.015312369557492,24.900196200672603,-0.0002708789009593371,101690.82087820063,0.0
2025-09-08,-1.0,-0.10247793422872536,24802.6,24885.5,24751.55,24773.15,213228202,24947.589000000014,24099.58875000001,-0.10247793422872536,0.05276420301767822,19.470935386490286,-12.563381439717244,23.707664226001985,23.647920499945844,-0.0012994624307829383,101558.67747691394,0.0
2025-09-09,-1.0,-0.12378667943004225,24864.1,24891.8,24814.0,24868.6,226919775,24932.205000000013,24107.182250000005,-0.12378667943004225,0.05755434531207382,18.124561111287374,-13.523711071211036,22.924317333073972,22.64103954447478,-0.00385296177514749,101167.37577466086,0.0
2025-09-10,-1.0,-0.10527269789477049,24991.0,25035.7,24915.05,24973.1,244146466,24921.326000000015,24112.511500000004,-0.10527269789477049,0.053622284322151596,17.64646880679765,-9.370205095326464,26.757522224917246,21.26763714271557,-0.004202086164882601,100742.26174458067,0.0
2025-09-11,-1.0,-0.0866549910046045,24945.5,25037.3,24940.15,25005.5,224570983,24910.600000000013,24116.429500000002,-0.0866549910046045,0.03835890028166485,17.210754969438455,-5.041811143663121,25.838723455315993,20.489452196871465,-0.0012973959980939753,100611.55913735431,0.0
2025-09-12,-1.0,-0.07027715940957235,25074.45,25139.45,25038.05,25114.0,225739766,24903.812000000016,24121.027000000002,-0.07027715940957235,0.035315690777369665,17.32482640580291,-1.8227012130089135,28.436987474023397,19.433603894737704,-0.004339045410009845,100175.00101348544,0.0
2025-09-15,-1.0,-0.05423394057147717,25118.9,25138.45,25048.75,25069.2,185375759,24897.090000000015,24124.9985,-0.05423394057147717,0.03553179379227553,17.430749882427044,1.2782409219074908,27.418062178523723,18.737278708774976,0.0017838655729871533,100353.69974906735,0.0
2025-09-16,-1.0,-0.044812416669383175,25073.6,25261.4,25070.45,25239.1,240122320,24892.652000000016,24131.623249999997,-0.044812416669383175,0.04392951427812361,18.125356616767117,4.620711297263402,30.20939917856373,17.306374751756735,-0.0067772405980246475,99673.578580966,0.0
2025-09-17,-1.0,-0.028352711099976353,25276.6,25346.5,25275.35,25330.25,268936695,24890.031000000014,24137.619,-0.028352711099976353,0.05231295662048337,19.14071260738862,9.810035348424611,32.363482287383775,16.54599182861716,-0.0036114599965926253,99313.61143920363,0.0
2025-09-18,-1.0,-0.018475331595839358,25441.05,25448.55,25329.75,25423.6,272193683,24888.053000000018,24143.35675,-0.018475331595839358,0.04862292054887811,20.490394948369154,13.048230617510855,35.02618772671703,15.723066652210466,-0.003685316962919849,98947.6093023179,0.0
2025-09-19,-1.0,-0.01992363930763654,25410.2,25431.4,25286.3,25327.05,380362832,24885.072000000015,24147.706249999996,-0.01992363930763654,0.041790575947018044,21.37722334626698,11.68457405297979,32.87550832536951,16.596314129415358,0.003797652574773047,99323.37794555248,0.0
2025-09-22,-1.0,-0.02426465420979562,25238.1,25331.7,25151.05,25202.35,254509892,24882.014000000017,24151.380749999993,-0.02426465420979562,0.033234815204368696,21.148981937287193,3.2141254015723897,30.374861560872716,21.028739246706845,0.004923589600841827,99812.40549632566,0.0
2025-09-23,-1.0,-0.01070923162286705,25209.0,25261.9,25084.65,25169.5,299204338,24882.407000000017,24153.68624999999,-0.01070923162286705,0.02476425685357145,20.469951047997892,-4.244107307919022,28.115148888954927,22.251219521807776,0.0013034498766979485,99942.50596396277,0.0
2025-09-24,-1.0,-0.0004621812366363856,25108.75,25149.85,25027.45,25056.9,244382281,24881.899000000012,24155.581749999994,-0.0004621812366363856,0.017394450625771912,19.45005966218198,-8.033116110000018,26.418886251072664,23.33819092551944,0.004473668527384289,100389.61560744166,0.0
2025-09-25,-1.0,-0.026552897394547095,25034.5,25092.7,24878.3,24890.85,342534768,24875.800000000014,24156.94099999999,-0.026552897394547095,0.01347516882645629,18.533107034674174,-9.461888837849248,24.059458003619586,27.466742876934397,0.0066269171365972435,101054.88927144701,0.0
2025-09-26,-1.0,-0.06931142996762095,24818.55,24868.6,24629.45,24654.7,291537949,24864.653000000013,24157.164249999994,-0.06931142996762095,0.006551280844231528,18.869483450388717,-2.984958513634365,21.534300227333606,34.57556702731953,0.009487422084822228,102013.6396597002,0.0
2025-09-29,-1.0,-0.08312496482526596,24728.55,24791.3,24606.2,24634.9,394388242,24855.12200000001,24157.129749999996,-0.08312496482526596,0.0007813489299195714,19.278337266316658,4.021075528502638,19.9384926577372,32.944152647969595,0.0008030923109995092,102095.566029328,0.0
2025-09-30,-1.0,-0.06707111496790111,24691.95,24731.8,24587.7,24611.1,303036149,24847.976000000013,24157.441749999994,-0.06707111496790111,0.0011487275457016674,19.73801969575975,4.602861798811671,18.77220092645075,31.768071675074573,0.000966109056663611,102194.20148031414,0.0
2025-10-01,-1.0,-0.049221243009763126,24620.55,24867.95,24605.95,24836.3,308901205,24842.888000000017,24157.781749999995,-0.049221243009763126,0.0026989961421150406,19.218803851141026,-0.30880990592300767,22.18331043503657,28.50344030584574,-0.009150342731531813,101259.08951159404,0.0
2025-10-03,-1.0,-0.03389008424667995,24759.55,24904.8,24747.55,24894.25,365850329,24839.55500000002,24158.911749999992,-0.03389008424667995,0.006085081422156494,18.497322153777958,-6.285825838183384,22.261211817506368,26.728085371959175,-0.002333278306350106,101022.82387471586,0.0
2025-10-06,-1.0,-0.02486828423490811,24916.55,25095.95,24881.65,25077.65,268788879,24836.710000000017,24162.619999999995,-0.02486828423490811,0.02002770804898384,17.636940355096936,-8.230811388140443,27.867510115847555,24.489451038784154,-0.007367163099912588,100278.57225441707,0.0
2025-10-07,-1.0,-0.007733632909293641,25085.3,25220.9,25076.3,25108.3,287992307,24837.634000000016,24167.167249999995,-0.007733632909293641,0.03417165510364076,17.44793998784797,-5.673157212735564,31.226156383285524,23.084483538511204,-0.001222203834888802,100156.01139885055,0.0
2025-10-08,-1.0,0.020562304749703032,25079.75,25192.5,25008.5,25046.15,227439592,24841.817000000017,24172.639499999997,0.020562304749703032,0.04146694356821469,16.8565140769922,-4.424952754796822,28.950155907085882,24.087660932803864,0.0024752770996043783,100403.92528025384,0.0
2025-10-09,2.0,0.05717533320605707,25074.3,25199.25,25024.3,25181.8,286911795,24851.835000000017,24180.610999999997,0.05717533320605707,0.055628158074679544,16.342367561891205,-6.33640662867231,27.207514910043912,22.41476539384012,-0.005416002060196767,99860.13741408414,0.0
2025-10-10,2.0,0.07770365589602352,25167.65,25330.75,25156.85,25285.35,236016218,24861.120000000017,24188.270499999995,0.07770365589602352,0.06466401817640802,16.521612287537007,-1.9867796385749124,30.55749494746152,20.8636809402351,0.00822419366367777,100681.40652345905,3.0
2025-10-13,2.0,0.067322996470898,25177.3,25267.3,25152.3,25227.35,234563558,24868.56600000002,24195.76899999999,0.067322996470898,0.06268658802704437,16.655984497561253,1.9190422347455434,28.909191476326757,19.9227378446296,-0.004587636714540322,100219.51680642048,0.0
2025-10-14,2.0,0.06029092816414299,25277.55,25310.35,25060.55,25145.5,291837460,24876.10900000002,24202.74549999999,0.06029092816414299,0.05984305492199168,16.139571674669952,-2.312368830705737,26.0662954492633,21.575483692620168,-0.0064889891328259175,99569.19345096654,0.0
2025-10-15,2.0,0.09130803923312208,25181.95,25365.15,25159.35,25323.55,290252378,24891.273000000016,24210.296249999985,0.09130803923312208,0.060040455833396136,15.960865085834666,-4.173391322670632,25.97109634190595,19.737503960304405,0.014161579606688957,100979.25051039622,0.0
2025-10-16,2.0,0.1303057483788998,25394.9,25625.4,25376.85,25585.3,373229394,24908.52400000002,24219.998249999982,0.1303057483788998,0.07128426814219231,16.98006268923276,5.207641389157223,32.716299291494636,17.527717997461426,0.020672457060720184,103066.7397305961,0.0
2025-10-17,2.0,0.15449993256673586,25546.85,25781.5,25508.6,25709.85,421439107,24929.730000000018,24230.323499999984,0.15449993256673586,0.08272203608412763,18.476644844073924,15.7621767035173,35.122908263486394,15.804873631664448,0.00973605937784594,104070.20362849417,0.0
2025-10-20,2.0,0.18702432950261963,25824.6,25926.2,25788.5,25843.15,308150601,24955.10900000002,24241.315249999985,0.18702432950261963,0.08801404434454388,20.30642609252764,19.58981815422957,37.58177559165225,14.581235398745237,0.010369566528003915,105149.36652860277,0.0
2025-10-21,2.0,0.20388508018339924,25901.2,25934.35,25825.8,25868.6,42701288,24980.558000000023,24251.94374999998,0.20388508018339924,0.08922806994300476,22.02940941430054,19.228407539402955,36.374216020219066,13.99575035002673,0.001969574142470787,105356.46600201467,0.0
2025-10-23,2.0,0.2244470260578648,26057.2,26104.2,25862.45,25891.4,450698119,25011.120000000017,24260.457499999982,0.2244470260578648,0.07896539359594838,24.09938719075166,18.678624593717913,39.35074884607728,12.766308063845447,0.001762754845643144,105542.18362297956,0.0
2025-10-24,2.0,0.21922648805519832,25935.1,25944.15,25718.2,25795.15,284913477,25035.322000000015,24269.409499999983,0.21922648805519832,0.0720179387683226,24.967413410361342,13.336735183438803,36.1540653133941,16.915439014602722,-0.007434901164093066,104757.48791910014,0.0
2025-10-27,2.0,0.21500436605798307,25843.2,26005.95,25827.0,25966.05,266337274,25064.89500000002,24281.159499999983,0.21500436605798307,0.08533227372155348,25.96988670292088,7.761606124520217,35.6381335737607,15.639004086039495,0.013250552914016556,106145.58255591162,0.0
2025-10-28,2.0,0.2233244693237811,25939.95,26041.7,25810.05,25936.2,395231207,25091.232000000015,24292.30099999998,0.2233244693237811,0.09432244323867015,27.014793020084902,8.200207110256397,33.98167638811189,14.356902226212354,-0.002299156013332748,105901.53730148947,0.0
2025-10-29,2.0,0.21858858774390777,25982.0,26097.85,25960.3,26053.9,321880610,25119.684000000012,24304.125749999985,0.21858858774390777,0.09458465111602815,28.164940823510026,8.452305340023925,34.0254255483185,13.52372415927351,0.009076117549988272,106862.71210276226,0.0
2025-10-30,2.0,0.19317505015298228,25984.4,26032.05,25845.25,25877.85,257373001,25139.702000000016,24315.88249999998,0.19317505015298228,0.09707396594501382,28.358444422626434,4.973761603661212,31.485532159950836,16.63026513266027,-0.013514291526412814,105418.53825810242,0.0
2025-10-31,2.0,0.13872387885137738,25863.8,25953.75,25711.2,25722.1,334384400,25154.53100000002,24327.33549999998,0.13872387885137738,0.09549716060037478,27.63197218817893,-1.8923122852301952,28.794669152880903,19.932290954229245,-0.012037321493091557,104149.58142175786,0.0
2025-11-03,2.0,0.11569349549173807,25696.85,25803.1,25645.5,25763.35,275858501,25168.787000000022,24340.722499999978,0.11569349549173807,0.10215545333383037,26.546492399370976,-6.389461975600293,27.169841602571903,21.159913272915915,0.0032073586526761844,104483.62648290352,0.0
2025-11-04,2.0,0.09753312435042416,25744.75,25787.4,25578.4,25597.65,305143084,25179.065000000017,24352.83049999998,0.09753312435042416,0.10479980431888647,25.130455519628338,-9.052979105200286,25.143573365350637,21.976193880716927,-0.01286323401265732,103139.62914496286,0.0
2025-11-06,2.0,0.09166115156837878,25593.35,25679.15,25491.55,25509.7,371852417,25191.857000000015,24364.31299999998,0.09166115156837878,0.09691782978094461,23.359502173105472,-12.005315724276327,23.45283499255091,23.611492921630617,-0.0068717245528397974,102430.88202299664,0.0
2025-11-07,2.0,0.09246967669371134,25433.8,25551.25,25318.45,25492.3,305606393,25202.348000000016,24375.21549999998,0.09246967669371134,0.09191949987087561,22.60007141245652,-10.068994193899284,21.5190534934136,27.795556428393176,-0.0013641869563343345,102291.14714981505,0.0
2025-11-10,2.0,0.11010303845407114,25503.5,25653.45,25503.5,25574.35,243592948,25219.59400000002,24387.071249999975,0.11010303845407114,0.09340813344499117,21.305024065748512,-8.795042343506555,23.945399502268085,26.185975465597878,0.006437237911055327,102949.61960021316,0.0
2025-11-11,2.0,0.16318717605202507,25617.0,25715.8,25449.25,25694.95,297714069,25243.47500000002,24398.82224999998,0.16318717605202507,0.09684734889830626,19.806654015000497,-12.360214914703187,23.893605493926994,23.737450242646702,0.009431324745301506,103920.57089506803,0.0
2025-11-12,2.0,0.20959893327385407,25834.3,25934.55,25781.15,25875.8,312591022,25272.454000000016,24413.077999999976,0.20959893327385407,0.10664154679910771,19.467907989677375,-8.622924200421894,29.48840479169828,21.767159173344456,0.014076696004467593,105383.42918016863,0.0
2025-11-13,2.0,0.21415831219748546,25906.1,26010.7,25808.4,25879.15,373090499,25297.536000000015,24426.69699999998,0.21415831219748546,0.11424629317916796,19.471966705209287,-1.6897720813305266,30.060602320511904,20.23961976527767,0.0002589291925274573,105410.71602639202,0.0
2025-11-14,2.0,0.20453494543900985,25767.9,25940.2,25740.8,25910.05,353423618,25324.145000000015,24440.22049999998,0.20453494543900985,0.11118016335345102,19.06759333808868,-2.05627975949422,27.976593926560295,21.186769800558224,0.002388022790547506,105662.43921863099,0.0
2025-11-17,2.0,0.20783447051917417,25948.2,26024.2,25906.35,26013.45,264610565,25350.113000000012,24454.82674999998,0.20783447051917417,0.1151598597223361,19.062267105760945,-2.1040483770893856,29.806507538606848,20.29139906844069,0.007981458931959118,106505.7796379051,0.0
2025-11-18,2.0,0.19539850210143916,26021.8,26029.85,25876.5,25910.05,280000989,25373.62800000001,24470.231249999975,0.19539850210143916,0.122792468259417,18.866146114409624,-1.056490035775277,28.140022339368297,20.24521040728281,-0.007949733695453709,105659.08705275708,0.0
2025-11-19,2.0,0.19624370116219825,25918.1,26074.65,25856.2,26052.65,250110008,25399.86100000001,24485.708249999978,0.19624370116219825,0.12627977419631292,18.893715014071578,-0.8842184969616121,27.537133348649938,18.64592066150499,0.011007311834597022,106822.1095721056,0.0
2025-11-20,2.0,0.21523528286927487,26132.1,26246.65,26063.2,26192.15,240425729,25428.24100000001,24500.853499999983,0.21523528286927487,0.12514082800099266,19.649892295154576,4.154246320324748,31.830624113303003,17.336159477214895,0.010709083337011815,107966.0764457487,0.0
2025-11-21,2.0,0.20618616771168755,26109.55,26179.2,26052.2,26068.15,235581427,25452.232000000007,24514.946749999985,0.20618616771168755,0.11941047284187412,20.272070703819043,7.2953132230527435,30.18347334049512,16.845790650717884,-0.009468485786771952,106943.80118546858,0.0
2025-11-24,2.0,0.17193088582099447,26122.8,26142.8,25912.15,25959.5,464655063,25471.960000000006,24527.202249999984,0.17193088582099447,0.10754217194923858,19.87784310994269,1.1600613955748036,27.64447837647853,20.536407922874407,-0.008335842781325153,106052.3344723492,0.0
2025-11-25,2.0,0.1466040384984644,25998.5,26032.6,25857.5,25884.8,260454909,25489.546000000006,24539.21549999998,0.1466040384984644,0.09899572798376831,19.162195148188378,-5.474899786244219,25.865652516516153,21.223263787789477,-0.005755118550049065,105441.99071495137,0.0
2025-11-26,2.0,0.1547270017697902,25842.95,26215.15,25842.95,26205.3,275265169,25511.372000000007,24553.43674999998,0.1547270017697902,0.10696083365967694,19.354099178093232,-2.6348126854240443,28.841750434466302,18.49845846137435,0.02476356780813438,108053.11060184575,0.0
2025-11-27,2.0,0.17557393921415562,26261.25,26310.45,26141.9,26215.55,240287057,25534.29900000001,24565.81824999998,0.17557393921415562,0.10840912986806045,19.920697803175237,3.958328621126528,30.47388080129317,17.408472168533066,0.0007822844997003031,108137.63887541396,0.0
2025-11-28,2.0,0.16543210612113646,26237.45,26280.75,26172.4,26202.95,202511545,25553.576000000005,24578.35149999998,0.16543210612113646,0.10147153839879434,20.44682509789424,5.64596631310982,29.27952329966433,16.726184951425427,-0.0009612615413370218,108033.69032199204,0.0
2025-12-01,2.0,0.14171918328360777,26325.8,26325.8,26124.2,26175.75,213828573,25570.486000000004,24591.213499999983,0.14171918328360777,0.10337636524688143,20.578855704764038,3.3038897938800855,27.147542021185306,17.24918021187011,-0.0020761021182729156,107809.40134866972,0.0
2025-12-02,2.0,0.1138079460972449,26087.95,26154.6,25997.85,26032.2,254803113,25582.658000000003,24603.57474999998,0.1138079460972449,0.10262384765716594,19.830845567646552,-3.012592553115381,25.3905809969265,20.729369592967505,-0.010968167101229165,106626.92981959404,0.0
2025-12-03,2.0,0.09914164322101168,26004.9,26066.45,25891.0,25986.0,265660108,25595.837000000003,24616.596749999982,0.09914164322101168,0.10322081096160209,18.481809442539827,-10.190295769160485,23.75754667557832,23.313040380312867,-0.003549450296171708,106248.46283196598,0.0
2025-12-04,2.0,0.11651252188102212,25981.85,26098.25,25938.95,26033.75,248099545,25612.465,24631.406499999986,0.11651252188102212,0.11312075697457277,17.41293564421624,-12.192671841361426,23.5329940600041,21.93366949388602,0.0036750557992766275,106638.93186146083,0.0
2025-12-05,2.0,0.1444258298722441,25999.8,26202.6,25985.35,26186.45,249254405,25632.804,24647.112499999985,0.1444258298722441,0.12396413001322906,16.999874486035125,-8.018343447983575,25.491722991469935,20.18005852424239,0.01173092620156524,107889.90530134136,0.0
2025-12-08,2.0,0.14997385062312535,26159.8,26178.7,25892.25,25960.55,320729920,25650.877,24661.758249999984,0.14997385062312535,0.12322377936476347,16.020297275024298,-7.997723058572904,22.82982116283027,21.377267502820306,-0.017253197741580184,106028.45943085696,0.0
2025-12-09,2.0,0.14453744506453164,25867.1,25923.65,25728.0,25839.65,275978160,25669.853,24676.310249999984,0.14453744506453164,0.11846316683140623,15.55875116169624,-8.477258614601679,20.966147611069772,25.397928118632624,-0.009314132404744768,105040.89632104685,0.0
2025-12-10,2.0,0.16000232662609407,25864.05,25947.65,25734.55,25758.0,207944446,25691.918999999998,24690.302749999984,0.16000232662609407,0.1157439778244521,14.979973506581043,-6.493785668166866,20.24268945864816,23.50441399149171,-0.00631974504298638,104377.06463721106,0.0
2025-12-11,2.0,0.18441476856140773,25771.4,25922.8,25693.25,25898.55,206099631,25717.192000000003,24705.068999999985,0.18441476856140773,0.1165439634558043,14.669583214576088,-5.7149056365730395,18.63132926184901,23.065592314069477,0.010913114372233856,105516.14348143499,0.0
2025-12-12,2.0,0.21014389777580106,25971.2,26057.6,25938.45,26046.95,216344338,25745.909,24720.639249999986,0.21014389777580106,0.12286807621263887,13.713440936204098,-8.45483852037875,22.338580031995093,21.772375635044813,0.011460101048128113,106725.36914794102,0.0
2025-12-15,2.0,0.2042874665321028,25930.05,26047.15,25904.75,26027.3,181557703,25769.729,24736.20999999998,0.2042874665321028,0.12605105454267707,12.84613297144374,-12.430143491196933,21.192913189586463,21.869479108046775,-0.001508813891837768,106564.3404283591,0.0
2025-12-16,2.0,0.16754894923307018,25951.5,25980.75,25834.35,25860.1,264351195,25789.046000000002,24751.530999999977,0.16754894923307018,0.12496339470667858,12.459999492259447,-9.140240219619198,19.71730893512377,22.887196745660905,-0.012848048011126822,105195.19666626147,0.0
2025-12-17,2.0,0.1319843138435893,25902.4,25929.15,25770.35,25812.4,186508992,25803.741,24767.82624999998,0.1319843138435893,0.12781363838679877,12.466114560273985,-2.9582319598786357,18.571240497788462,23.899447576696318,-0.0036890808620226867,104807.12307946324,0.0
